id,name,model_id:id,group_id:id,perm_read,perm_write,perm_create,perm_unlink
access_chained_swapper_user,chained.swapper.user,model_chained_swapper,base.group_user,1,0,0,0
access_chained_swapper_erp_manager,chained.swapper.erp_manager,model_chained_swapper,base.group_erp_manager,1,1,1,1
access_chained_swapper_sub_field_user,chained.swapper.sub.field.user,model_chained_swapper_sub_field,base.group_user,1,0,0,0
access_chained_swapper_sub_field_erp_manager,chained.swapper.sub.field.erp_manager,model_chained_swapper_sub_field,base.group_erp_manager,1,1,1,1
access_chained_swapper_constraint_user,chained.swapper.constraint.user,model_chained_swapper_constraint,base.group_user,1,0,0,0
access_chained_swapper_constraint_erp_manager,chained.swapper.constraint.erp_manager,model_chained_swapper_constraint,base.group_erp_manager,1,1,1,1
access_chained_swapper_wizard,chained.swapper.wizard.constraint.erp_manager,model_chained_swapper_wizard,base.group_user,1,1,1,1
