id,name,model_id:id,group_id:id,perm_read,perm_write,perm_create,perm_unlink
access_account_move_line, account.move.line,account.model_account_move_line,stock.group_stock_manager,1,0,0,0
access_mrp_production_account_invoice,mrp.production account invoice,mrp.model_mrp_production,account.group_account_invoice,1,0,0,0
access_mrp_production_account_user,mrp.production account user,mrp.model_mrp_production,account.group_account_user,1,0,0,0
access_mrp_production_account_manager,mrp.production account user,mrp.model_mrp_production,account.group_account_manager,1,0,0,0
